ID,Name,Icon,Banner,Description,MetaTittle,MetaKeyword,MetaDescription
1,Mobile & Accessories ,fa fa-mobile,,"Unlock unbeatable savings on top-of-the-line smartphones and accessories with RexCoupon! Dive into a world of discounts where every click reveals exclusive deals tailored to elevate your tech game. From cutting-edge gadgets to must-have accessories, our curated selection and seamless user experience make saving effortless and shopping exhilarating. Don't miss out on the best prices for your tech essentials – explore RexCoupon today!",Exclusive Discounts on Smartphones and Accessories: Save Big with Vouchers!,"smartphones, mobile phones, cell phones, accessories, smartphone deals, discount smartphones, voucher smartphones, smartphone offers, phone accessories, mobile accessories","Discover unbeatable deals on smartphones and accessories at RexCoupon  France! Explore top brands and exclusive offers to save big on the latest tech gadgets. Shop now for discounts on cases, chargers, headphones, and more."
2,Fashion & Clothing ,fa-solid fa-shirt,,"Step into a world of style and savings with RexCoupon, your ultimate destination for fashion-forward discounts. Explore an array of curated deals and vouchers, tailored exclusively for the fashionista in you. From trendsetting outfits to must-have accessories, unlock unbeatable savings on every purchase. Elevate your wardrobe without breaking the bank, only with Rexcoupon.",Exclusive Fashion Deals & Discounts: Save Big on Clothing with Vouchers,"Fashion discounts, Clothing vouchers, Apparel deals, Discounted fashion, Clothing coupons, Apparel offers, Fashion vouchers","Explore exclusive deals, limited-time offers, and money-saving coupons for a wardrobe refresh that won't break the bank. Start saving on your fashion essentials today"
3,Pharmacy & Health ,fas fa-prescription-bottle-alt,,"Welcome to Rexcoupon, your ultimate destination for unbeatable savings in the Pharmacy & Health category! Explore our vast array of discount coupons and vouchers tailored to meet your wellness needs. From essential vitamins to prescription refills, unlock incredible discounts on top brands and healthcare essentials. Start saving today with Rexcoupon and prioritize your well-being without breaking the bank",Save Big on Pharmacy & Health Essentials: Exclusive Discounts & Vouchers,,"Unlock savings on pharmacy essentials and health products with our discount and voucher codes! Browse top brands, find deals on medications, vitamins, supplements, and more to support your wellness journey. Save on prescriptions and health essentials today"
4,Vehicles,fa-solid fa-car,,"Rev up your savings with Rexcoupon, your ultimate pit stop for unbeatable deals on all things automotive! From shiny new tires to essential maintenance services, our vast selection of discount coupons and vouchers ensures you'll hit the road in style without burning rubber on your budget. Whether you're upgrading your ride or simply keeping it running smoothly, trust Rexcoupon to fuel your journey with incredible savings every time you shop.",Rev Up Your Savings: Exclusive Discounts & Vouchers for Vehicles,,"Explore unbeatable deals on vehicles with our discount and voucher website. Save big on cars, motorcycles, and more with exclusive offers and coupons. Don't miss out on incredible savings – shop now"
5,Flowers and Decor,fa-solid fa-seedling,,"Welcome to Rexcoupon, your ultimate destination for blossoming savings in the world of flowers and decor! Dive into a garden of discounts where every petal holds a deal waiting to bloom. From enchanting bouquets to captivating decor pieces, let your imagination flourish while your wallet stays in full bloom with our exclusive vouchers and coupons.",Spruce Up Your Space: Exclusive Discounts on Flowers and Decor,,"Discover stunning blooms and elegant décor for any occasion in our Flowers and Decor category. Find the perfect arrangements to elevate your space or event, all while saving with exclusive discounts and vouchers. Shop now and add a touch of beauty to every moment, for less"
6,Glasses & Contact lenses ,fa-solid fa-glasses,,"Welcome to Rexcoupon, your ultimate destination for unbeatable discounts on Glasses & Contact Lenses! Dive into a world of savings where every click brings you closer to clearer vision and stylish frames. With our curated selection of coupons and vouchers, your eyewear upgrade is just a few clicks away. Don't miss out on exclusive deals to see better and save bigger, only at Rexcoupon",See Clearly for Less: Glasses & Contact Lenses Discounts and Vouchers,,Explore unbeatable deals on glasses and contact lenses! Find exclusive discounts and vouchers for top brands in our Glasses & Contact Lenses category. Save big on your eyewear essentials today
7,"Movies, Music & Games  ",fa-solid fa-film,,"Welcome to Rexcoupon, your ultimate destination for unbeatable discounts on the latest movies, chart-topping music, and thrilling games! Dive into a world of savings as you explore our vast collection of vouchers tailored to satisfy your entertainment cravings. With Rexcoupon, every click unlocks a universe of entertainment at prices that make your wallet smile.","Unlock Savings: Movies, Music & Games Discounts & Vouchers Await",,"Explore endless entertainment possibilities at discounted prices! Discover the latest movies, hottest music releases, and thrilling games in our Movies, Music & Games category."
8,Stationary ,fa-solid fa-pencil,,"Unlock endless possibilities with Rexcoupon, your ultimate destination for unbeatable discounts on stationary essentials. From sleek notebooks to vibrant pens, explore our curated collection of top brands at jaw-dropping prices. Elevate your workspace without breaking the bank, and let Rexcoupon be your partner in savvy savings for all your stationary needs.",Shop Smarter: Exclusive Discounts on Stationery Essentials | Save Big Today,,"Explore our Stationery category for unbeatable discounts and voucher offers on pens, notebooks, desk accessories, and more! Shop now for great savings on all your office and school essentials."
9,Home & Garden ,fa-solid fa-house-chimney-window,,"Step into a world of savings and spruce up your home with Rexcoupon! Dive into a treasure trove of exclusive discounts and vouchers tailored for all your Home & Garden needs. From stylish décor to essential gardening tools, unlock unbeatable deals that turn your dream home into a reality, all at your fingertips with Rexcoupon. Let your imagination flourish without breaking the bank",Spruce Up Your Space for Less: Home & Garden Deals & Discounts,,Revamp your living space for less with exclusive discounts and vouchers in our Home & Garden category. Shop now and elevate your living experience affordably
10,Skincare & Cosmetics ,fa fa-paint-brush,,"Step into a world of radiant savings with Rexcoupon, your ultimate destination for skincare and cosmetics discounts! Unveil a treasure trove of beauty essentials at unbeatable prices, where every click reveals a new opportunity to pamper yourself without breaking the bank. Elevate your skincare routine and makeup collection while indulging in the luxury of savings, exclusively with Rexcoupon.",Save Big on Skincare & Cosmetics: Exclusive Discounts & Vouchers Await,,Discover radiant savings on skincare and cosmetics! Browse our collection of exclusive discounts and vouchers for top brands in skincare and beauty. Shop now and indulge in luxurious self-care at discounted prices
11,Books &Magazines ,fa-solid fa-book,,"Whether you're seeking gripping novels, informative magazines, or scholarly journals, Rexcoupon ensures you indulge in your passion for reading while keeping your wallet happy. Don't miss out on the joy of discovering captivating stories and insightful articles at prices that make every page turn even more satisfying",Discover Deals: Save Big on Books & Magazines with Exclusive Discounts & Vouchers,,"Explore a world of savings on your favorite reads! Dive into our Books & Magazines category for exclusive discounts and vouchers on bestselling novels, informative magazines, and captivating reads. Unlock great deals and elevate your reading experience today"
12,Sports ,fas fa-table-tennis,,"with Rexcoupon, your ultimate destination for unbeatable discounts in the realm of sports. Dive into a world where every goal, every match, and every victory comes with added value. From gear essentials to game tickets, our curated selection of vouchers ensures that every sports enthusiast can score big without breaking the bank. Join the winning team of savvy shoppers today",Score Big Savings: Exclusive Sports Discounts & Vouchers Await,,unbeatable deals to elevate your game while saving money. Browse now for amazing savings on top brands in our Sports category
13,Ineternet & Cellular,fa-solid fa-globe,,"Dive into a world of exclusive discounts and vouchers tailored to meet your connectivity needs. From discounted data plans to irresistible offers on the latest smartphones, let Rexcoupon be your gateway to seamless savings in the digital age. Explore, click, and unlock a universe of discounts today",Browse Exclusive Deals: Internet & Cellular Discounts and Vouchers Await,,"Browse our discount and voucher codes for deals on broadband plans, mobile data packages, and more. Stay connected for less with exclusive offers on top providers. Save now"
14,Fashion ,fa fa-shopping-bag,,"Step into a realm of style and savings with Rexcoupon, your ultimate destination for fashion discounts and vouchers. Unleash your inner fashionista while unlocking unbeatable deals on clothing, accessories, and more. Browse our curated collection of coupons to elevate your wardrobe without breaking the bank. Let Rexcoupon be your guide to endless fashion possibilities at irresistible prices.",Exclusive Fashion Deals: Unlock Savings with Discount Codes & Vouchers,,"Discover the latest trends in fashion at unbeatable prices! Explore our extensive collection of discounted clothing, shoes, and accessories with exclusive vouchers and discounts."
15,Travel & Tour,fa-solid fa-route,,"Embark on unforgettable journeys without breaking the bank with Rexcoupon – your ultimate destination for travel deals and discounts. Explore exotic destinations, indulge in luxurious accommodations, and savor culinary delights, all while saving big on your next adventure.","Explore More, Spend Less: Unbeatable Travel Deals & Vouchers Await",,"Explore the world for less with our Travel & Tour discounts and vouchers! Save big on flights, hotels, activities, and more. Plan your dream getaway without breaking the bank. Start your adventure today"
16,Jewlery ,fa-solid fa-gem,,"Unveil the sparkle without breaking the bank with Rexcoupon's treasure trove of discounts for the Jewelry category. From timeless elegance to contemporary chic, indulge in exquisite pieces without compromising on quality or style. Let every piece tell a story of luxury and savings, as Rexcoupon brings you the finest jewels at irresistible prices, making every purchase a dazzling delight",Shine Bright with Sparkling Savings: Jewelry Discounts & Vouchers,,"Discover dazzling deals on jewelry with our exclusive discounts and vouchers. Explore a stunning collection of rings, necklaces, earrings, and more at unbeatable prices."
17,Watches,fa-solid fa-watch,,"Welcome to Rexcoupon, where timepiece enthusiasts discover unbeatable deals on the finest watches! Dive into a treasure trove of discounts and vouchers tailored for every style and occasion. Explore our curated collection and indulge in luxury without breaking the bank. Elevate your wrist game with Rexcoupon – where savings meet sophistication.",Timeless Deals: Save Big on Watches with Exclusive Vouchers & Discounts,,"Explore our diverse collection of watches at unbeatable prices! From luxury timepieces to everyday styles, find the perfect watch for any occasion. Don't miss out on exclusive discounts and vouchers to save even more on your next purchase."
18,Office ,fa fa-briefcase,,"Unlock exclusive savings for your office essentials at Rexcoupon! From stationery to tech gadgets, our vast selection of discount coupons and vouchers ensures you never pay full price for your workplace needs. Browse through our curated deals and elevate your office shopping experience while saving big.",Office Discounts & Vouchers: Save Big on Workspace Essentials,,"Browse our Office category for unbeatable deals on stationery, electronics, furniture, and more. Maximize productivity while minimizing costs today"
19,Eat & Drink,fa fa-cutlery,,"Indulge your taste buds and quench your thirst with Rex Coupon's Eat and Drink category. Explore a world of culinary delights and beverage options, from gourmet cuisine to refreshing beverages, all at discounted prices. Savor the flavors and save with exclusive deals on dining experiences, meal kits, fine wines, and more. Unlock a feast for the senses with Rex Coupon's curated selection of gastronomic offers.",Rex Coupon: Savor Savings on Eat and Drink - Exclusive Deals and Discounts,,"From gourmet meals to refreshing drinks, explore exclusive discounts and offers on top-rated restaurants and beverage brands. Savor savings on your next culinary adventure with Rex Coupon."
20,Shoes ,fa-solid fa-shoe-prints,,"From stylish sneakers to elegant heels, our curated selection offers something for everyone. Explore top brands and unbeatable deals to step up your footwear game with Rex Coupon.",Shop Stylish Footwear at Great Prices: Rex Coupon's Exclusive Shoe Deals!,,"Discover top deals on footwear from leading brands at Rex Coupon's Shoes category. Explore a vast selection of stylish sneakers, boots, heels, and more, all at discounted prices with our exclusive coupons and offers. Step into savings today"
21,Shopping ,fa-solid fa-cart-shopping,,"From fashion to electronics, home goods to beauty essentials, find unbeatable offers curated just for you. Start your shopping spree today and stretch your budget further with Rex Coupon's incredible deals.",Discover Exclusive Deals & Discounts in Rex Coupon's Shopping Category,,"Discover exclusive deals and discounts on top brands across fashion, electronics, home goods, and more in Rex Coupon's Shopping category."
22,Toys and Babies ,fa-solid fa-baby-carriage,,"From cuddly companions to educational wonders, find everything you need to nurture young minds and create unforgettable moments for your little ones. Enjoy unbeatable deals on a wide range of toys, games, baby essentials, and more, making every day an adventure in fun and growth.",Toys and Babies: Unbeatable Deals at Rex Coupon - Shop & Save Today,,"Explore a diverse range of toys, games, and essentials for your little ones, all at unbeatable prices. Shop now and save big with Rex Coupon"
23,Kitchen & Equipments,fas fa-temperature-high,,"Discover top deals and discounts on kitchen appliances and equipment with Rex Coupon's Kitchen & Equipment category. From sleek gadgets to essential cookware, find everything you need to elevate your culinary experience while saving money.",Rex Coupon: Discover Top Deals on Kitchen Appliances & Equipment,,"Discover top deals on kitchen essentials and equipment at Rex Coupon. Explore a wide range of discounts on cookware, appliances, utensils, and more from leading brands. Save big on your kitchen upgrades with our exclusive offers"
24,Entertainment ,fas fa-ticket-alt,,"Explore a world of endless entertainment possibilities with Rex Coupon's curated selection of deals and discounts in the Entertainment category. Whether you're a movie buff, gamer, or music aficionado, Rex Coupon ensures your entertainment needs are met at unbeatable prices.",Explore Exclusive Deals & Discounts in Entertainment with Rex Coupon,,"Discover endless entertainment options and savings with Rex Coupon - your ultimate destination for exclusive deals on movies, games, events, and more"
25,Hotel & Resorts ,fas fa-hotel,,"Indulge in world-class accommodations, breathtaking views, and unparalleled hospitality across a curated selection of exquisite hotels and resorts. Whether you seek a tranquil beach escape or a vibrant urban retreat, unlock exclusive deals and discounts to elevate your travel experience with Rex Coupon.",Discover Unbeatable Deals on Hotel & Resorts - Rex Coupon,,"Save on luxury stays, family getaways, and more through our affiliate network. Book your dream vacation at unbeatable prices today"
26,Electronics ,fas fa-tv,,"From sleek smartphones to powerful laptops, high-definition TVs to state-of-the-art smart home devices, find the latest gadgets and electronics at unbeatable prices. Explore top brands and exciting deals, making your tech dreams a reality with Rex Coupon.","Shop the Latest Electronics Deals at Rex Coupon: Discounts on Gadgets, Devices & More",,"Discover unbeatable deals on the latest electronics at Rex Coupon! Browse our extensive range of gadgets, from smartphones to smart home devices, and save big with exclusive discounts and coupons."
27,Pet Supplies,fas fa-cat,,"Discover top-quality pet supplies at unbeatable prices with Rex Coupon! From nutritious foods to cozy beds and interactive toys, Rex Coupon connects pet owners with the best deals on everything their furry friends need for a healthy and happy life. With exclusive discounts and promotions, caring for your beloved pets has never been more affordable","Top Deals on Pet Supplies at Rex Coupon: Save on Food, Toys & More",,"Your furry friend deserves the best, and Rex Coupon helps you save while providing top-quality care for your beloved pets"
28,Software ,fab fa-uncharted,,"Discover exclusive deals and discounts in the software category with Rex Coupon. From productivity tools to creative software and everything in between, unlock savings on top brands and must-have programs. Maximize your efficiency and creativity while saving money with our handpicked selection of software deals.",Unlock Exclusive Savings on Top Software Brands at Rex Coupon - Your Destination for Tech Deals,,"Discover exclusive deals and maximize savings with Rex Coupon's innovative affiliate network software. Access a vast array of discounts and promotions seamlessly, empowering users to save more while shopping online."
29,Furniture ,fas fa-couch,,"From elegant sofas to exquisite dining sets and innovative storage solutions, find the perfect pieces to transform any space into a haven of relaxation and sophistication. Explore our curated selection of high-quality furniture from leading brands at unbeatable prices.",Discover Top Deals on Furniture at Rex Coupon: Enhance Your Space for Less,,"Explore a wide selection of stylish pieces for every room, all sourced from trusted brands. Save big with exclusive discounts and deals. Upgrade your home decor affordably with Rex Coupon today"
30,Services ,fas fa-hard-hat,,"From online subscriptions and professional consultations to home maintenance and travel packages, unlock unbeatable savings on essential services tailored to your lifestyle. Explore, save, and enjoy hassle-free experiences with Rex Coupon's curated selection of service offerings.",Discover Exclusive Deals: Services Category | Rex Coupon,,"Explore Rex Coupon's comprehensive array of affiliate network services, offering unparalleled opportunities for businesses to maximize their online presence and revenue generation"
31,Sportswear Fitness and bodybuilding,fas fa-heart,,"Elevate your workout game with cutting-edge apparel designed to enhance performance and inspire confidence. From sleek activewear to durable gear, find everything you need to conquer your fitness goals while enjoying exclusive discounts and deals.","Rex Coupon: Unbeatable Deals on Sportswear, Fitness Gear, and Bodybuilding Essentials",,"Find exclusive discounts and offers from leading brands to fuel your active lifestyle. Shop smarter and save big on gym attire, workout equipment, supplements, and more with Rex Coupon's affiliate network."
32,Computer & Laptops,fas fa-laptop,,"Explore the latest in computing technology with Rex Coupon's Computer & Laptops category. From sleek laptops for productivity on-the-go to powerful desktops for gaming enthusiasts, find exclusive deals and discounts on top brands to fuel your digital lifestyle.",Rex Coupon: Explore Top Deals on Computers & Laptops - Save Big Today,,Save big on leading brands and latest models through our affiliate network. Browse now for unbeatable discounts on cutting-edge technology.
33,Arts & Crafts,fas fa-palette,,"Unleash your imagination with a diverse range of supplies, from paints and brushes to beads and fabrics. Whether you're a seasoned artist or a budding crafter, find everything you need to bring your visions to life while enjoying exclusive discounts and deals through Rex Coupon.",Discover Creative Deals: Arts & Crafts Discounts at Rex Coupon,,"Unleash your imagination and save with exclusive deals on paints, brushes, papers, and more. Shop now and elevate your artistic journey with Rex Coupon."
34,Games and toys,fas fa-gamepad,,"From classic board games to the latest video game releases, and from educational toys to outdoor play equipment, we've got something for every age and interest. Explore our diverse selection and unlock savings on entertainment that sparks joy for the whole family.",Explore Endless Fun: Games and Toys Deals at Rex Coupon,,"Fuel your imagination and indulge in entertainment for all ages, only at Rex Coupon – your ultimate destination for gaming and toy savings"
35,Lights and Lamps,fas fa-lightbulb,,"Whether you're enhancing your home decor or upgrading your office lighting, find the perfect illumination for every need, all while saving with our exclusive discounts and deals.",Illuminate Your Space: Exclusive Deals on Lights and Lamps | Rex Coupon,,"Discover a vast selection of stylish and functional lighting options from top brands, all at unbeatable prices. Shop now and brighten up your home with savings"
36,Bedding & household linen,fas fa-bed,,"Discover cozy comfort and style with Rex Coupon's Bedding & Household Linen category. From luxurious sheets to plush towels and elegant throws, elevate your home with top-quality essentials at unbeatable prices.",Discover Quality Bedding & Household Linens at Great Prices with Rex Coupon,,"Shop top brands and exclusive deals on sheets, duvet covers, towels, and more. Save with Rex Coupon's affiliate network for unbeatable discounts on quality home textiles."
37,Tools,fas fa-tools,,"From productivity software to DIY equipment, discover indispensable tools tailored to meet your needs and elevate your workflow. With exclusive discounts and deals, Rex Coupon ensures you have the right tools at the best prices.",Discover Top Deals in Tools: Rex Coupon's Exclusive Offers Await,,Explore a wide array of tools to maximize your savings on diverse products. Join now and unlock endless opportunities to save while you shop