ID,Name,Url,Logo
251,shanzuchef,www.shanzuchef.com,251.png
252,tormek,shop.tormek.com,252.png
253,urbanmeat,urbanmeat.fr,253.png
254,vancassotableware,www.vancassotableware.com,254.png
255,waterford,www.waterford.com,255.png
256,yourdecoration,www.yourdecoration.fr,256.png
257,animigo,www.animigo.fr,257.png
258,bioimpact,bioimpact.shop,258.png
259,cuddleclones,cuddleclones.com,259.png
260,dogfydiet,dogfydiet.com,260.png
261,elevagedelabaille,www.elevagedelabaille.com,261.png
262,funnyfuzzy,funnyfuzzy.com,262.png
263,gravureetcompagnie,www.gravureetcompagnie.com,263.png
264,happyandpolly,happyandpolly.com,264.png
265,japhy,shop.japhy.fr,265.png
266,kippy,www.kippy.eu,266.png
267,selleriemae,selleriemae.com,267.png
268,matooetpatoo,matooetpatoo.fr,268.png
269,nonstopdogwear,www.nonstopdogwear.com,269.png
270,ohpacha,www.ohpacha.com,270.png
271,pro nutrition,www.pro-nutrition.fr,271.png
272,stan,stan.bio,272.png
273,tails,tails.com,273.png
274,vetality,www.vetality.fr,274.png
275,wanimo,www.wanimo.com,275.png
276,zooplus,www.zooplus.fr,276.png
277,academiedugout,www.academiedugout.fr,277.png
278,barrierepiscinesouple,www.barrierepiscinesouple.com,278.png
279,canalplus,boutique.canalplus.com,279.png
280,debutify,debutify.com,280.png
281,easyflyer,www.easyflyer.fr,281.png
282,flixier,flixier.com,282.png
283,garmin,www.garmin.com,283.png
284,airbike,www.airbike.top,284.png
285,the berkel world,www.theberkelworld.com,285.png
286,champion direct,www.champion-direct.com,286.png
287,eco dome,eco-dome.fr,287.png
288,expondo,www.expondo.fr,288.png
289,findbuytool,www.findbuytool.com,289.png
290,greenworkstools,greenworkstools.fr,290.png
291,hailo shop,www.hailo-shop.fr,291.png
292,icrimptools,www.icrimptools.com,292.png
293,jardin affaires,www.jardin-affaires.com,293.png
294,katana mart,katanamart.fr,294.png
295,lamson products,lamsonproducts.com,295.png
296,manomano,www.manomano.fr,296.png
297,noflystore,www.noflystore.fr,297.png
298,pecheur,www.pecheur.com,298.png